店舗名称,住所
飯塚地区,
炒めラーメンYAMA,伊岐須
串かつ 壱番串,柏の森
オレンジタクシー(株),川津
太陽キッチン・フーズ,菰田西
ＴＥＴＥ,新飯塚
酒肴むげん,中
あげ家,相田
ドラッグストアコスモス伊岐須店,伊岐須
陸蒸氣,柏の森
焼肉レストラン牛仙,川津
だがし家 ちゃりんこ,菰田西
東洋ドライ 新飯塚店,新飯塚
モスバーガー飯塚幸袋店,中
車力,相田
セブンイレブン飯塚伊岐須店,伊岐須
おの庄,柏の森
グリーンベルトタクシー,川津
筑豊葬祭飯塚本社斎場,菰田西
ＢＡＲＢＥ,新飯塚
もつ家,中
でんきのパワフル相田店,相田
カットハウスゼロ,伊岐須
炭火焼肉嘉苑,柏の森
げんき屋,川津
筑豊葬祭セレモニーヴィラ飯塚,菰田西
深見時計店,新飯塚
ラフィネ サステナブルヘアー,中
串亭なかむら,相田
兵六玉,伊岐須
かやの森カフェ,柏の森
焼肉スタミナ・元,川津
TeaWayゆめタウン飯塚店,菰田西
ホワイトニングショップ飯塚店,新飯塚
あかね工房,鯰田
㈱ハクエイ,相田
フジキアドワークス(株）,伊岐須
炭火焼鳥かなまる,柏の森
aruk cafe,川津
てんぐ風呂住設,菰田西
パーソナルトレーニングスタジオ ボディブレイス,新飯塚
リラクゼーションサロン 足癒夢,鯰田
湊屋（みなとや）,相田
フジノ酒店,伊岐須
きっずえんじぇる飯塚店,柏の森
小林硝子店,川津
居酒屋てん・てん・てん,菰田西
ラーメンMAPPE,新飯塚
ほとめき市場 一太郎,鯰田
居酒屋 ん,相田
ふたせ饅頭本舗,伊岐須
GYOGYOSUKE second,柏の森
サンドラッグ九工大前店,川津
トップワンカフェ,菰田西
旬楽みささ,新飯塚
鰻一太郎,鯰田
喜酒楽膳あぐら,飯塚
吉岡スタジオ,伊岐須
ワイン食堂GLUGLU,柏の森
酒の昌屋,川津
ニトリデコホーム ゆめタウン飯塚店,菰田西
ご馳走家むつごろう,新飯塚
回転寿司 一太郎,鯰田
壱角屋,飯塚
レインボーファクトリー飯塚店,伊岐須
ケンタッキーフライドチキン飯塚かやの森店,柏の森
パティスリースペリオール,川津
能古うどん製造所 ゆめタウン飯塚店,菰田西
時計宝石眼鏡ムカイダ,新飯塚
うりゅう鍼灸院,鯰田
WHISKY AJOTSSI,飯塚
スーパーASO 潤野店,潤野
カレーハウスCoCo壱番屋飯塚柏の森店,柏の森
セブンイレブン飯塚川津店,川津
パリミキ ゆめタウン飯塚店,菰田西
炭火串焼弥一,新飯塚
大庭電器,鯰田
魚茂鮮魚店,飯塚
きど葬祭やまさ飯塚斎場,潤野
コーヒーミルククレイジー,柏の森
焼肉ソウル,川津
ひよ子本舗吉野堂 ゆめタウン飯塚店,菰田西
炭火居酒屋やっぽい,新飯塚
スーパー川食鯰田店,鯰田
魚佐,飯塚
牛角飯塚店,潤野
ドラッグストアコスモス柏の森店,柏の森
和食レストランニューいいづか・大助うどん,川津
マックハウスゆめタウン飯塚店,菰田西
手づくりケーキラ・パレット,新飯塚
くまがい釣具,鯰田
インテリアクラヤ,飯塚
くすりのハッピー 潤野店,潤野
ドラッグストアコスモス近大前店,柏の森
東洋ドライ 川津店,川津
マルイチ商会,菰田西
赤崎牛ダイニング リヤン,新飯塚
しらゆり会館飯塚・鯰田会場,鯰田
倉掛米穀店,飯塚
茶寮このみ,潤野
サーティワンアイスクリーム飯塚かやの森店,柏の森
東洋ドライ ハローデイ店,川津
まるまんフィオーレ,菰田西
のがみプレジデントホテル 中国料理のがみ大飯店,新立岩
セブンイレブン飯塚鯰田上町店,鯰田
餃子とサワー 月光,飯塚
茶楽館この葉,潤野
サウンドダイニング音色,柏の森
チキン屋とりまる,川津
宮脇書店 ゆめタウン飯塚店,菰田西
のがみプレジデントホテル 和食処 日本海,新立岩
システムハウジングタイセイ,鯰田
肉の神戸屋,飯塚
食事処 桜道場,潤野
エステサロン シャルール,柏の森
手打うどん・レンストランなごし,川津
山下建材工業(株),菰田西
のがみプレジデントホテル,新立岩
ダイヤゴルフセンター,鯰田
酒香彩菜さわらび,飯塚
ブランジェリーシュシュ,潤野
かやのもり音楽Cafｅ Ｓｉｎｏｓ,柏の森
内藤園ハローデイ九工大前店,川津
八女茶の西村園茶舗 ゆめタウン飯塚店,菰田西
古谷金物店,新立岩
肉のなかむら,鯰田
食料品の進藤,飯塚
萬亀,潤野
志ののめ,柏の森
くすりのハッピー川津店,川津
ゆめタウン飯塚,菰田西
アルソア Ｄｏ,立岩
ATAGOふれあいマーケット,鯰田
鮨安,飯塚
めし屋ーHAKUー,潤野
シャトレーゼ柏の森店,柏の森
ハーデンベルギア,川津
メガネのヨネザワ ゆめタウン飯塚店,菰田西
飯塚ツバメプロパン㈱,立岩
ヨガ、エステサロンs.f &c野上愛子,鯰田
サロンドボーテ スミレ,飯塚
メリーズラム,潤野
セブンイレブン飯塚柏の森店,柏の森
華さん食堂飯塚店,川津
Life Clip(ライフクリップ),菰田西
焼肉王城飯塚店,立岩
ヘアーサロンムラカミ,鯰田
セブンイレブン飯塚明治橋店,飯塚
林檎の木,潤野
居酒屋専科大樹,柏の森
ハッピー薬局川津店,川津
渡辺果実店,菰田西
クイックショット,立岩
いづみや,西徳前
寿し割烹 たけ志,飯塚
メガネのＷＡＤＡ,潤野
小さなゆめ,柏の森
(株)バイタルリソース応用研究所,川津
やきとり 幸ちゃん,下三緒
Café＆Restaurant Salute（サルーテ）,立岩
珈琲焙煎工房 まめや福岡ユタカ,西徳前
学生服のタナカ,飯塚
飛鳥会館,片島
鉄板焼 梛座,柏の森
福寿し,川津
コヤンサラム,下三緒
寺子屋 ZEN,立岩
庄屋飯塚店,西徳前
高取金物店,飯塚
㈱エコライフ福岡,片島
Dr Hair Smiley,柏の森
本格インド料理ルパ飯塚店,川津
セブンイレブン飯塚下三緒店,下三緒
ツルハドラッグ新飯塚店,立岩
グーテンターク,西町
田中糸店,飯塚
玉翠堂,片島
サイクルセンターはらぐち,柏の森
セブンイレブン飯塚幸袋店,幸袋
武田商店,下三緒
ＢＡＲＢＥＲひかり,立岩
ヘアーグラシューラフィネ 西町店,西町
だがしのお店だがシステム,飯塚
パドドゥ・ル・コトブキ,片島
PATISSERIE Doux,柏の森
千鳥屋本家 幸袋店,幸袋
喫茶りーぶす,下三緒
フードウェイ新飯塚店,立岩
居酒屋 たーぶる,西町
濃厚生乳ソフトクリーム専門店だがソフ,飯塚
第一ボウル,片島
うどんそば処百花亭,柏の森
ちろりん村とくるみの木,幸袋
ＲａｙーｇーＣａｓｔ（レイジーキャスト）,下三緒
焼肉のMr.青木,鶴三緒
ノエビア新飯塚販売会社,西町
天喜,飯塚
中央モータース,片島
(株)本河住建,柏の森
TRIAL GO飯塚幸袋店,幸袋
秋元液化ガス,目尾
M r.青木精肉店,鶴三緒
花のフクナガ西町本店,西町
友成時計店,飯塚
ドコモショップ飯塚店,片島
祭りばやし,柏の森
ミュージアムショップ白蓮,幸袋
(株)九酸ガス住設飯塚営業所,目尾
飯塚瓦工業,鶴三緒
ビアレストラン Ｂーｓｐｏｔ,西町
ともや玩具店,飯塚
Ｈｉｙｏｒｉ,片島
ミシンのオズ西日本ミシン販売,柏の森
雑貨牧場GAYU,菰田東
炭火居酒屋喜楽,目尾
かほ兵衛の台所,鶴三緒
山野愛子どろんこ美容＆Relax Plus,西町
和風ダイニングとし,飯塚
三星石油,片島
無印良品かやの森,柏の森
肉のつちだ,菰田東
パーマハウスＢｅｅ ＳＨＯＷＥＲ,目尾
焼肉のすから,鶴三緒
コトツキ、,花瀬
中田友文堂,飯塚
室井酒店,片島
ｙｏｕｒ メルシー,柏の森
アエナゆめタウン飯塚店,菰田西
ラーメン食堂まねしん坊,目尾
セブンイレブン飯塚鶴三緒店,鶴三緒
ジャーマンベーカリー飯塚花瀬店,花瀬
ジーンズショップナカムラ,飯塚
リンガーハット飯塚水江店,片島
レストラン明治屋,柏の森
靴の赤靴堂,菰田西
セブンイレブン飯塚庄司店,庄司
寿司海鮮和食処 やますい,鶴三緒
セブンイレブン飯塚花瀬店,花瀬
にくたま工房Loin,飯塚
手造りバーガーショップ レイダック,片島
モスバーガー飯塚かやの森店,柏の森
スーパーＡＳＯ昭和通店,菰田西
アンジョルノカフェ,新飯塚
スーパーセンタートライアル飯塚店,徳前
世界のハンバーグ ポパイ,花瀬
花のフジモト,飯塚
ロイヤルホスト飯塚店,片島
もつ鍋 やじろべえ飯塚店,柏の森
AVENUE,菰田西
一膳,新飯塚
渡邊硝子建材,徳前
ゆめマート花瀬,花瀬
スナック・パンダ,飯塚
アントス（株）,上三緒
酒菜よし葉,柏の森
いいづかもけい,菰田西
井上洋服店,新飯塚
アルゾ飯塚幸袋店,中
めん処大助 花瀬店,花瀬
パブ珈琲園,飯塚
佐藤商店,上三緒
カラオケ＆カフェ ＲＥＶＯ,柏の森
石井商会,菰田西
揚げ処えびるす,新飯塚
アロマ クローバー,中
居酒屋味坊,東徳前
フジイ進物店,飯塚
しらゆり会館飯塚・上三緒会場,上三緒
ワイズキッチン,柏の森
井筒屋飯塚ショップ,菰田西
久里屋,新飯塚
内山刃物,中
居酒屋二代目きんぐ,東徳前
Cut in Murashi,飯塚
スーパーセンタートライアル上三緒店,上三緒
タイヤガーデンBーWAVE,川島
江藤時計店本店,菰田西
けいこ美容室,新飯塚
Cafe Rocco,中
煮込み食堂 煮こ屋,東徳前
元野木書店,飯塚
ふらんす料理 平野,上三緒
グッデイ飯塚店,川島
リフォームおはりばこ,菰田西
五龍酒店,新飯塚
カラオケリズミカル サンタス飯塚店,中
松本刃物店,東徳前
たい焼山口屋,飯塚
パンとお菓子の店Fille de ble’,上三緒
中嶋プロパン瓦斯,川島
KAIKA ゆめタウン飯塚店,菰田西
居酒屋佐助,新飯塚
Ｃ．Ｃ．ＳＥＴＯ,中
レディバード,東徳前
矢野鮮魚店,飯塚
ミスタータイヤマンパドック飯塚,上三緒
arukーある暮らしー,川津
からあげ大将飯塚本店,菰田西
佐藤コンタクトレンズセンター,新飯塚
ステーキビストロWaltz,中
アベタ・ソレイユ/ヴァーグ,本町
ユゲデンキ,飯塚
もりまさ薬局,上三緒
アールテックシステム株式会社,川津
ニュウファッション神戸,菰田西
おでん炭火焼眞次郎,新飯塚
ツルハドラッグ 中店,中
炭火焼鳥あらた,本町
リコグリル,飯塚
居酒屋落花生,上三緒
アンコルド パン,川津
合屋電器店,菰田西
シャンソン化粧品ＣＥサロン ’elua,新飯塚
にこにこ亭,中
いいづか補聴器,本町
若鳥,飯塚
おしゃれハウスアモ,柏の森
アキモト酸素,川津
サーティワンアイスクリーム ゆめタウン飯塚店,菰田西
ジンギスバル滝川本店,新飯塚
ふくまＤＥＮＫＩ,中
ヴィタリコ飯塚店,本町
にじいろ整体セラピー,飯塚
くいもん家あじと,柏の森
メガネのアイ・ルック,川津
庄屋ゆめタウン飯塚店,菰田西
スイフンガ,新飯塚
ふらってぃーのドッグカフェ,中
エム・ドリーム,本町
倉重酒店ー酒を愉しみ食を喜ぶー,伊川
麻生塾ボウル,柏の森
パティスリー エスポワール,川津
手づくりパン工房スピカ,菰田西
セブンスポーツ,新飯塚
フロム,中
おふくろ,本町
木原コンタクト,伊岐須
一八飯店,柏の森
オーラッキーズクラブ,川津
Zoff Marche ゆめタウン飯塚,菰田西
DartsBar333,新飯塚
丸島園,中
熾火ト酒,本町
カーネル食堂,本町
ＰＯＬＡアメリーズ店,横田
ビップエコー飯塚店,秋松
癒心房,忠隈
グルメ寿司貫べえ飯塚店,堀池
江藤電器,長尾
たまごん工房,佐與
寿屋化粧品店,本町
ミスターマックス飯塚花瀬店,横田
tete秋松店,秋松
江藤石油(株),忠隈
Cafe CuLuRe(カフェ クルール),堀池
セブンイレブン筑穂中学校前店,長尾
ホームプラザナフコ頴田店,佐與
佐藤眼鏡店(メガネのサトー),本町
みそらぼ,横田
セゾンドぶらんこ,秋松
福祉用具おおつか 飯塚営業所,忠隈
CuLuRe(クルール),堀池
サイクルセンターはやしだ,長尾
ラーメンふじ庵,佐與
しまづ者,本町
（有）建築工房やました屋,横田
本場インド料理ルパ穂波店,秋松
御菓子司亀屋延永,忠隈
ケイターズ（AUTO GARAGE KEITA'S）,堀池
スーパー川食筑穂店,平塚
しらゆり会館小竹・頴田会場,勢田
ＲＲＲエンターテイメント,本町
龍王ガス,横田
ドラッグストアモリ飯塚秋松店,秋松
驫(さんま),忠隈
なんばん往来本店,堀池
木下石油,平塚
松隈食料品店,勢田
炭バル ダブル,本町
あぐらの離れ,芳雄町
ヤマダデンキ テックランド飯塚店,秋松
パティスリーＳＯＮＯＫＩ,忠隈
文具のたまおき本店,堀池
ドラッグストアコスモス筑穂店,平塚
セブンイレブン飯塚本町店,本町
スーパーマーケットASO新飯塚店,芳雄町
ユニクロ飯塚店,秋松
焚炎 竹や,忠隈
ダイレックス飯塚店,堀池
ヘアーサロン モロオカ,平塚
E-REVO卓球BASE,本町
上島珈琲店飯塚病院店,芳雄町
ガスのアイプロ,枝国
ドコモショップ穂波店,忠隈
清水理容室 チャボ,堀池
Ｙｕｍｍｙ Ｃａｋｅｓ,平塚
タイラ時計店,本町
サンエトワール新飯塚店,芳雄町
イオン穂波ショッピングセンター,枝国
とんかつ専門店うめーや,太郎丸
めがねのツカハラ,堀池
あかね荘,山口
竹川鮮魚,本町
花和,芳雄町
イオン穂波店ショッピングセンター同友店会,枝国
ドラッグストアコスモス穂波店,太郎丸
デラシネ(deracine),堀池
庄内地区,
たまや毛糸店,本町
パンセ アミエ店,芳雄町
ウエスト飯塚店うどんコーナー,枝国
ステーキハウス 三田屋,太郎丸
ドラッグストアコスモス堀池店,堀池
庄内タクシー,赤坂
たこ吉,本町
ローソン飯塚病院店,芳雄町
ウエスト飯塚店焼肉コーナー,枝国
筑豊葬祭セレモニーヴィラ穂波斎場,太郎丸
はないちもんめ,堀池
Modernist Cuisine Restaurant Hidaka,赤坂
千鳥屋本家 飯塚本店,本町
R－GARDEN+,吉原町
鮨 魚鮮,枝国
ニトリ飯塚店,太郎丸
入江電器,南尾
山本酒店,赤坂
街家ｃａｆｅつむぎ,本町
あんど,吉原町
エクセルブランチ,枝国
あったかパソコン教室飯塚校,椿
食房KOSAI,南尾
エースタクシー,有井
とりさし梅松 福岡飯塚店,本町
（一社）飯塚観光協会,吉原町
オンデーズ イオン穂波店,枝国
ドラッグストアモリ 穂波店,椿
３びきのこぶた,南尾
大塚白蟻工務店,有井
カラオケともやん,本町
いけす鯛吉,吉原町
緒方たたみ店,枝国
ホームプラザナフコ飯塚南店,椿
ピザハット飯塚楽市店,南尾
三晶自動車,有井
公設市場 野中鮮魚店,本町
大賀薬局飯塚あいタウン店,吉原町
温野菜 飯塚店,枝国
パソコンドック２４飯塚店,椿
居酒屋 文月,南尾
ファッションセンターしまむら飯塚店,有井
はとや ルナ店,本町
うなぎの大浦屋,吉原町
介護ショップクロッカス,枝国
宝靖自動車,椿
もり田のからあげ 穂波店,南尾
フェイシャルサロン Sakura,有井
ひいらぎ,本町
カレーショップ華月,吉原町
キャスティング飯塚店,枝国
ＭＥＧＡドン・キホーテ飯塚店,椿
Basis health&beauty,椋本
ピザハット飯塚近大前店,有井
ひよ子本舗吉野堂 飯塚本店,本町
かめ屋質店,吉原町
美・サロン きはら,枝国
モスバーガー福岡穂波店,椿
ボーカル教室ユニゾン,安恒
BLACK STEELO,有井
ビューティ アイランド,本町
喫茶グラスムーン,吉原町
レンタルフォトスタジオグレープ,枝国
くにまる酒店,津原
鮨 魚城,楽市
タイ式マッサージむう庵,有井
タビーガレージ,本町
サラン,吉原町
エステサロンKENKEN,枝国
安部写真館,天道
韓国風居酒屋 オンマ,楽市
スーパー川食庄内店,有安
とんかつ専門店ふくや,本町
やきとりの炭活,吉原町
サーティワンアイスクリームイオン穂波店,枝国
井上呉服店,天道
ストロベリーファーム,楽市
金沢石油(株) セルフ飯塚東店,有安
ブルーミン,本町
ファミリーショップそうあい,吉原町
桜ヶ丘ゴルフセンター,枝国
久保勝治商店,天道
TAX飯塚,楽市
グッデイ庄内店,有安
アートギャラリー紅椿,本町
鳥一,吉原町
佐藤眼鏡店(メガネのサトー),枝国
篠崎商会,天道
タイヤ館飯塚,楽市
Ｓｗｅｅｔ’ｓ ｏｆ ｈａｉｒ,有安
帽子のほりかわ,本町
内藤園あいタウン店,吉原町
セブンイレブン飯塚枝国店,枝国
天道ホルモン,天道
筑豊ラーメン山小屋穂波店,楽市
スーパーセンタートライアル飯塚庄内店,有安
丸山生花店,本町
学生服のひめじ屋,吉原町
焼鳥千成,枝国
パーマネントクラブ,天道
ひよ子本舗吉野堂 飯塚工場売店,楽市
くすりのハッピー庄内店,有安
みどりや,本町
Ｐｓ 美容室,吉原町
麺屋．千寿 本店,枝国
Ａゴルフセンター,平恒
ビッグワン,楽市
ハッピー薬局庄内店,有安
有限会社みよし,本町
味の明太子ふくや飯塚店,吉原町
tantan イオン穂波店,枝国
さかえ屋 平恒おやつshop,平恒
ENEOSサンフラワー楽市SS（山口石油）,楽市
アラミアルーアン,綱分
味覚焼,本町
音楽BAR BREAK TIME,吉原町
charmmie,枝国
洋服の青山飯塚穂波店,弁分
楽市焼肉ホルモンセンター,楽市
焼肉開山庄内店,綱分
京風串揚げ 宗,本町
丸和カーテン,吉原町
内藤園イオン穂波店,枝国
エディオン飯塚店,弁分
ルミエール穂波店,楽市
庄四季物,綱分
わた惣,本町
や台ずし飯塚バスターミナル本町,吉原町
ひよ子本舗吉野堂 イオン穂波店,枝国
ファッションセンターしまむら穂波店,弁分
イエローハット飯塚店,若菜
ＪＡふくおか嘉穂庄内給油所,綱分
日新理容室,本町
ゆめマート飯塚,吉原町
エトウ時計店 イオン穂波店,枝国
シュープラザ飯塚店,弁分
universal工房HRS,若菜
セブンイレブン飯塚庄内店,綱分
アーユルヴェーダサロンエルフローラ,宮町
認定補聴器専門店 リオネットセンター飯塚,吉原町
Flower&Green POPLAR,枝国
シャトレーゼ飯塚弁分店,弁分
炭火焼鳥えい吉,若菜
お茶とお食事処森山,綱分
あさひ補聴器,宮町
龍王塾,吉原町
マリリン イオン穂波店,枝国
フラワーショップはなびより,弁分
カレーハウスＣＯＣＯ壱番屋飯塚若菜店,若菜
いいづかスポーツ・リゾート ザ・リトリート,仁保
朝倉屋酒店,宮町
Ｒｕｄｉｅｓ ｃａｆｅ（ルーディーズ カフェ）,吉原町
モリタゴルフ桜ヶ丘店,枝国
ヒマラヤ飯塚店,弁分
シモカワ通信,若菜
くらや,仁保
ジュエリーシモカワ,宮町
炉ばた髙,吉原町
くすりのヤスタケ穂波店,枝国
ピッツァリト,弁分
炭火焼肉天神,若菜
ホットドッグ吉河,仁保
旬彩ダイニング 樹限無,宮町
居酒屋和光,吉原町
ゼッテリアイオン穂波店,枝国
みんなでごはん 穂のさろん,弁分
筑穂地区,
はちみつショップ natural selection acatuki,山倉
セントラル美容室,宮町
株式会社日栄,蓮台寺
BookOFF飯塚店,小正
味楽門ＢＯＮ,弁分
太田自動車鈑金㈱,阿恵
頴田地区,
きものたかた,宮町
穂波地区,
ＪＡふくおか嘉穂本所グリーンセンター,小正
ラバース,弁分
庄助うどん,阿恵
ヱビス味噌,口原
陶房 八木山 青空間,八木山
AOKI飯塚店,秋松
寿し徳,小正
アベイル堀池店,堀池
なか六新鮮屋,阿恵
金芳醤油醸造元,口原
農楽園八木山,八木山
大川家具アウトレットオックス,秋松
セブンイレブン飯塚小正店,小正
上田種苗園,堀池
よしの米穀合同会社,北古賀
フローリストリスト 花仙,口原
車屋19,横田
ケーズデンキ飯塚店,秋松
お好み焼きむらた,小正
(有)エッカ,堀池
アイアイだいぶ,大分
ＣＯＲＯＮ,口原
コメダ珈琲店飯塚川津店,横田
ケンタッキーフライドチキン飯塚秋松店,秋松
とり久,小正
Ａープライス飯塚店,堀池
うぐいす台電器,大分
居酒屋 純,口原
ドラッグストアコスモス花瀬店,横田
炭焼酒処幸炭,秋松
唐揚げ専門店とりいち,小正
パッケージプラザエジマヤ,堀池
セブンイレブン飯塚大分店,大分
TRIDRUG GO目尾店,口原
第一タイヤサービス,横田
サンドラッグ穂波店,秋松
ふくおか安心安全ショップ,小正
オアシス珈琲,堀池
有限会社 筑穂プロパン,大分
ドラッグ頴田薬局,口原
ノエビア福岡南販売,横田
ジャンボパンチ希林,秋松
やま志,小正
オートバックス飯塚,堀池
ツアサデンキ,大分
マツグマ石油ガス,口原
パンセ 横田店,横田
花のフクナガ穂波店(ハローデイ穂波店内),秋松
楳木石油,高田
かにすけ,堀池
日本習字筑穂教室,筑穂元吉
増岡化粧品店,口原
藤﨑建築,横田
バースデイ 飯塚店,秋松
うどんそば処あぐんちゃ,忠隈
焼肉開山堀池店,堀池
伊佐文具店,長尾
もり田のからあげ,口原
