店舗名称,住所,券種
メリーズラム,潤野,digital
Dr Hair Smiley,柏の森,digital
井筒屋飯塚ショップ,菰田西,digital
ＢＡＲＢＥ,新飯塚,digital
しらゆり会館飯塚・鯰田会場,鯰田,digital
陶房 八木山 青空間,八木山,digital
車力,相田,digital
林檎の木,潤野,digital
どんどん亭 柏の森店,柏の森,digital
江藤時計店本店,菰田西,digital
深見時計店,新飯塚,digital
セブンイレブン飯塚鯰田上町店,鯰田,digital
農楽園八木山,八木山,digital
でんきのパワフル相田店,相田,digital
メガネのＷＡＤＡ,潤野,digital
ハローデイ柏の森店,柏の森,digital
大阪王将 ゆめタウン飯塚店,菰田西,digital
ホワイトニングショップ飯塚店,新飯塚,digital
ATAGOふれあいマーケット,鯰田,digital
ドラッグストアコスモス花瀬店,横田,digital
湊屋（みなとや）,相田,digital
飛鳥会館,片島,digital
PATISSERIE Doux,柏の森,digital
リフォームおはりばこ,菰田西,digital
パーソナルトレーニングスタジオ ボディブレイス,新飯塚,digital
ヨガ、エステサロンs.f &c野上愛子,鯰田,digital
第一タイヤサービス,横田,digital
喜酒楽膳あぐら,飯塚,digital
㈱エコライフ福岡,片島,digital
(株)本河住建,柏の森,digital
KAIKA ゆめタウン飯塚店,菰田西,digital
旬楽みささ,新飯塚,digital
ヘアーサロンムラカミ,鯰田,digital
ノエビア福岡南販売,横田,digital
WHISKY AJOTSSI,飯塚,digital
玉翠堂,片島,digital
祭りばやし,柏の森,digital
からあげ大将飯塚本店,菰田西,digital
ご馳走家むつごろう,新飯塚,digital
いづみや,西徳前,digital
パンセ 横田店,横田,digital
魚茂鮮魚店,飯塚,digital
パドドゥ・ル・コトブキ,片島,digital
ミシンのオズ西日本ミシン販売,柏の森,digital
カメラのキタムラ ゆめタウン飯塚店,菰田西,digital
時計宝石眼鏡ムカイダ,新飯塚,digital
珈琲焙煎工房 まめや福岡ユタカ,西徳前,digital
藤﨑建築,横田,digital
魚佐,飯塚,digital
第一ボウル,片島,digital
無印良品かやの森,柏の森,digital
ニュウファッション神戸,菰田西,digital
炭火串焼弥一,新飯塚,digital
庄屋飯塚店,西徳前,digital
ＰＯＬＡアメリーズ店,横田,digital
インテリアクラヤ,飯塚,digital
中央モータース,片島,digital
レストラン明治屋,柏の森,digital
合屋電器店,菰田西,digital
手づくりケーキラ・パレット,新飯塚,digital
グーテンターク,西町,digital
ミスターマックス飯塚花瀬店,横田,digital
倉掛米穀店,飯塚,digital
ドコモショップ飯塚店,片島,digital
モスバーガー飯塚かやの森店,柏の森,digital
サーティワンアイスクリーム ゆめタウン飯塚店,菰田西,digital
赤崎牛ダイニング リヤン,新飯塚,digital
居酒屋 たーぶる,西町,digital
みそらぼ,横田,digital
餃子とサワー 月光,飯塚,digital
Ｈｉｙｏｒｉ,片島,digital
もつ鍋 やじろべえ飯塚店,柏の森,digital
庄屋ゆめタウン飯塚店,菰田西,digital
のがみプレジデントホテル 中国料理のがみ大飯店,新立岩,digital
ノエビア新飯塚販売会社,西町,digital
（有）建築工房やました屋,横田,digital
肉の神戸屋,飯塚,digital
三星石油,片島,digital
酒菜よし葉,柏の森,digital
手づくりパン工房スピカ,菰田西,digital
のがみプレジデントホテル 和食処 日本海,新立岩,digital
ビアレストラン Ｂーｓｐｏｔ,西町,digital
龍王ガス,横田,digital
学生服のタナカ,飯塚,digital
室井酒店,片島,digital
カラオケ＆カフェ ＲＥＶＯ,柏の森,digital
スタジオマリオ ゆめタウン飯塚店,菰田西,digital
のがみプレジデントホテル,新立岩,digital
山野愛子どろんこ美容＆Relax Plus,西町,digital
あぐらの離れ,芳雄町,digital
高取金物店,飯塚,digital
リンガーハット飯塚水江店,片島,digital
ワイズキッチン,柏の森,digital
Zoff Marche ゆめタウン飯塚,菰田西,digital
古谷金物店,新立岩,digital
コトツキ、,花瀬,digital
スーパーマーケットASO新飯塚店,芳雄町,digital
田中糸店,飯塚,digital
手造りバーガーショップ レイダック,片島,digital
タイヤガーデンBーWAVE,川島,digital
筑豊葬祭飯塚本社斎場,菰田西,digital
アルソア Ｄｏ,立岩,digital
ジャーマンベーカリー飯塚花瀬店,花瀬,digital
上島珈琲店飯塚病院店,芳雄町,digital
だがしのお店だがシステム,飯塚,digital
ロイヤルホスト飯塚店,片島,digital
グッデイ飯塚店,川島,digital
筑豊葬祭セレモニーヴィラ飯塚,菰田西,digital
焼肉王城飯塚店,立岩,digital
セブンイレブン飯塚花瀬店,花瀬,digital
サンエトワール新飯塚店,芳雄町,digital
濃厚生乳ソフトクリーム専門店だがソフ,飯塚,digital
アントス（株）,上三緒,digital
arukーある暮らしー,川津,digital
TeaWayゆめタウン飯塚店,菰田西,digital
クイックショット,立岩,digital
ゆめマート花瀬,花瀬,digital
花和,芳雄町,digital
天喜,飯塚,digital
佐藤商店,上三緒,digital
アールテックシステム株式会社,川津,digital
トップワンカフェ,菰田西,digital
寺子屋 ZEN,立岩,digital
居酒屋味坊,東徳前,digital
パンセ アミエ店,芳雄町,digital
ともや玩具店,飯塚,digital
しらゆり会館飯塚・上三緒会場,上三緒,digital
アンコルド パン,川津,digital
ニトリデコホーム ゆめタウン飯塚店,菰田西,digital
ツルハドラッグ新飯塚店,立岩,digital
居酒屋二代目きんぐ,東徳前,digital
ローソン飯塚病院店,芳雄町,digital
和風ダイニングとし,飯塚,digital
スーパーセンタートライアル上三緒店,上三緒,digital
メガネのアイ・ルック,川津,digital
パスタトピザ ゆめタウン飯塚店,菰田西,digital
フードウェイ新飯塚店,立岩,digital
アベタ・ソレイユ/ヴァーグ,本町,digital
R－GARDEN+,吉原町,digital
ジーンズショップナカムラ,飯塚,digital
ふらんす料理 平野,上三緒,digital
パティスリー エスポワール,川津,digital
パリミキ ゆめタウン飯塚店,菰田西,digital
飯塚瓦工業,鶴三緒,digital
炭火焼鳥あらた,本町,digital
（一社）飯塚観光協会,吉原町,digital
花のフジモト,飯塚,digital
パンとお菓子の店Fille de ble’,上三緒,digital
オーラッキーズクラブ,川津,digital
ひよ子本舗吉野堂 ゆめタウン飯塚店,菰田西,digital
かほ兵衛の台所,鶴三緒,digital
ヴィタリコ飯塚店,本町,digital
大賀薬局飯塚あいタウン店,吉原町,digital
パブ珈琲園,飯塚,digital
ミスタータイヤマンパドック飯塚,上三緒,digital
焼肉レストラン牛仙,川津,digital
ボンフカヤ ゆめタウン飯塚店,菰田西,digital
焼肉のすから,鶴三緒,digital
熾火ト酒,本町,digital
かめ屋質店,吉原町,digital
フジイ進物店,飯塚,digital
もりまさ薬局,上三緒,digital
げんき屋,川津,digital
マックハウスゆめタウン飯塚店,菰田西,digital
セブンイレブン飯塚鶴三緒店,鶴三緒,digital
佐藤眼鏡店(メガネのサトー),本町,digital
やきとりの炭活,吉原町,digital
Cut in Murashi,飯塚,digital
居酒屋落花生,上三緒,digital
aruk cafe,川津,digital
マルイチ商会,菰田西,digital
寿司海鮮和食処 やますい,鶴三緒,digital
しまづ者,本町,digital
ファミリーショップそうあい,吉原町,digital
元野木書店,飯塚,digital
おしゃれハウスアモ,柏の森,digital
小林硝子店,川津,digital
まるまんフィオーレ,菰田西,digital
スーパーセンタートライアル飯塚店,徳前,digital
ＲＲＲエンターテイメント,本町,digital
鳥一,吉原町,digital
矢野鮮魚店,飯塚,digital
麻生塾スポーツガーデン,柏の森,digital
サンドラッグ九工大前店,川津,digital
八女茶の西村園茶舗 ゆめタウン飯塚店,菰田西,digital
アルゾ飯塚幸袋店,中,digital
炭バル ダブル,本町,digital
内藤園あいタウン店,吉原町,digital
ユゲデンキ,飯塚,digital
麻生塾ボウル,柏の森,digital
酒の昌屋,川津,digital
ゆめタウン飯塚,菰田西,digital
内山刃物,中,digital
セブンイレブン飯塚本町店,本町,digital
学生服のひめじ屋,吉原町,digital
リコグリル,飯塚,digital
一八飯店,柏の森,digital
パティスリースペリオール,川津,digital
メガネのヨネザワ ゆめタウン飯塚店,菰田西,digital
Cafe Rocco,中,digital
E-REVO卓球BASE,本町,digital
Ｐｓ 美容室,吉原町,digital
にじいろ整体セラピー,飯塚,digital
串かつ 壱番串,柏の森,digital
セブンイレブン飯塚川津店,川津,digital
Life Clip(ライフクリップ),菰田西,digital
カラオケリズミカル サンタス飯塚店,中,digital
タイラ時計店,本町,digital
味の明太子ふくや飯塚店,吉原町,digital
倉重酒店ー酒を愉しみ食を喜ぶー,伊川,digital
おの庄,柏の森,digital
焼肉ソウル,川津,digital
渡辺果実店,菰田西,digital
ステーキビストロWaltz,中,digital
竹川鮮魚,本町,digital
音楽BAR BREAK TIME,吉原町,digital
木原コンタクト,伊岐須,digital
炭火焼肉嘉苑,柏の森,digital
東洋ドライ 川津店,川津,digital
セブンイレブン飯塚下三緒店,下三緒,digital
ツルハドラッグ 中店,中,digital
千鳥屋本家 飯塚本店,本町,digital
丸和カーテン,吉原町,digital
炒めラーメンYAMA,伊岐須,digital
きっずえんじぇる飯塚店,柏の森,digital
東洋ドライ ハローデイ店,川津,digital
ＲａｙーｇーＣａｓｔ（レイジーキャスト）,下三緒,digital
にこにこ亭,中,digital
街家ｃａｆｅつむぎ,本町,digital
や台ずし飯塚バスターミナル本町,吉原町,digital
ドラッグストアコスモス伊岐須店,伊岐須,digital
GYOGYOSUKE second,柏の森,digital
手打うどん・レンストランなごし,川津,digital
(株)九酸ガス住設飯塚営業所,目尾,digital
ふくまＤＥＮＫＩ,中,digital
とりさし梅松 福岡飯塚店,本町,digital
ゆめマート飯塚,吉原町,digital
セブンイレブン飯塚伊岐須店,伊岐須,digital
ワイン食堂GLUGLU,柏の森,digital
内藤園ハローデイ九工大前店,川津,digital
炭火居酒屋喜楽,目尾,digital
ふらってぃーのドッグカフェ,中,digital
はとや ルナ店,本町,digital
龍王塾,吉原町,digital
兵六玉,伊岐須,digital
ケンタッキーフライドチキン飯塚かやの森店,柏の森,digital
ハローデイ九工大前店,川津,digital
セブンイレブン飯塚庄司店,庄司,digital
フロム,中,digital
ひよ子本舗吉野堂 飯塚本店,本町,digital
Ｒｕｄｉｅｓ ｃａｆｅ（ルーディーズ カフェ）,吉原町,digital
フジキアドワークス(株）,伊岐須,digital
コーヒーミルククレイジー,柏の森,digital
くすりのハッピー川津店,川津,digital
アンジョルノカフェ,新飯塚,digital
丸島園,中,digital
ビューティ アイランド,本町,digital
炉ばた髙,吉原町,digital
フジノ酒店,伊岐須,digital
ドラッグストアコスモス柏の森店,柏の森,digital
ハッピー薬局川津店,川津,digital
井上洋服店,新飯塚,digital
酒肴むげん,中,digital
タビーガレージ,本町,digital
ふたせ饅頭本舗,伊岐須,digital
ドラッグストアコスモス近大前店,柏の森,digital
(株)バイタルリソース応用研究所,川津,digital
揚げ処えびるす,新飯塚,digital
モスバーガー飯塚幸袋店,中,digital
ブルーミン,本町,digital
AOKI飯塚店,秋松,digital
レインボーファクトリー飯塚店,伊岐須,digital
サーティワンアイスクリーム飯塚かやの森店,柏の森,digital
本格インド料理ルパ飯塚店,川津,digital
久里屋,新飯塚,digital
もつ家,中,digital
アートギャラリー紅椿,本町,digital
大川家具アウトレットオックス,秋松,digital
スーパーASO 潤野店,潤野,digital
サウンドダイニング音色,柏の森,digital
セブンイレブン飯塚幸袋店,幸袋,digital
五龍酒店,新飯塚,digital
あかね工房,鯰田,digital
丸山生花店,本町,digital
ケーズデンキ飯塚店,秋松,digital
きど葬祭やまさ飯塚斎場,潤野,digital
エステサロン シャルール,柏の森,digital
千鳥屋本家 幸袋店,幸袋,digital
居酒屋佐助,新飯塚,digital
リラクゼーションサロン 足癒夢,鯰田,digital
味覚焼,本町,digital
ケンタッキーフライドチキン飯塚秋松店,秋松,digital
牛角飯塚店,潤野,digital
かやのもり音楽Cafｅ Ｓｉｎｏｓ,柏の森,digital
TRIAL GO飯塚幸袋店,幸袋,digital
佐藤コンタクトレンズセンター,新飯塚,digital
ほとめき市場 一太郎,鯰田,digital
わた惣,本町,digital
炭焼酒処幸炭,秋松,digital
くすりのハッピー 潤野店,潤野,digital
志ののめ,柏の森,digital
ミュージアムショップ白蓮,幸袋,digital
おでん炭火焼眞次郎,新飯塚,digital
鰻一太郎,鯰田,digital
アーユルヴェーダサロンエルフローラ,宮町,digital
サンドラッグ穂波店,秋松,digital
茶寮このみ,潤野,digital
シャトレーゼ柏の森店,柏の森,digital
雑貨牧場GAYU,菰田東,digital
シャンソン化粧品ＣＥサロン ’elua,新飯塚,digital
回転寿司 一太郎,鯰田,digital
あさひ補聴器,宮町,digital
ジャンボパンチ希林,秋松,digital
茶楽館この葉,潤野,digital
セブンイレブン飯塚柏の森店,柏の森,digital
アエナゆめタウン飯塚店,菰田西,digital
ジンギスバル滝川本店,新飯塚,digital
うりゅう鍼灸院,鯰田,digital
朝倉屋酒店,宮町,digital
ハローデイ穂波店,秋松,digital
食事処 桜道場,潤野,digital
居酒屋専科大樹,柏の森,digital
靴の赤靴堂,菰田西,digital
DartsBar333,新飯塚,digital
大庭電器,鯰田,digital
ジュエリーシモカワ,宮町,digital
ビップエコー飯塚店,秋松,digital
ブランジェリーシュシュ,潤野,digital
小さなゆめ,柏の森,digital
スーパーＡＳＯ昭和通店,菰田西,digital
ＴＥＴＥ,新飯塚,digital
スーパー川食鯰田店,鯰田,digital
旬彩ダイニング 樹限無,宮町,digital
tete秋松店,秋松,digital
めし屋ーHAKUー,潤野,digital
鉄板焼 梛座,柏の森,digital
いいづかもけい,菰田西,digital
東洋ドライ 新飯塚店,新飯塚,digital
くまがい釣具,鯰田,digital
きものたかた,宮町,digital
セゾンドぶらんこ,秋松,digital
本場インド料理ルパ穂波店,秋松,digital
宝靖自動車,椿,digital
太田自動車鈑金㈱,阿恵,digital
プロショップマナベ飯塚店,秋松,digital
ＭＥＧＡドン・キホーテ飯塚店,椿,digital
なか六新鮮屋,阿恵,digital
ドラッグストアモリ飯塚秋松店,秋松,digital
モスバーガー福岡穂波店,椿,digital
よしの米穀合同会社,北古賀,digital
ヤマダデンキ テックランド飯塚店,秋松,digital
安部写真館,天道,digital
アイアイだいぶ,大分,digital
ユニクロ飯塚店,秋松,digital
久保勝治商店,天道,digital
うぐいす台電器,大分,digital
ガスのアイプロ,枝国,digital
篠崎商会,天道,digital
日本習字筑穂教室,筑穂元吉,digital
イオン穂波ショッピングセンター,枝国,digital
天道ホルモン,天道,digital
セブンイレブン筑穂中学校前店,長尾,digital
ウエスト飯塚店うどんコーナー,枝国,digital
Ａゴルフセンター,平恒,digital
スーパー川食筑穂店,平塚,digital
ウエスト飯塚店焼肉コーナー,枝国,digital
洋服の青山飯塚穂波店,弁分,digital
ドラッグストアコスモス筑穂店,平塚,digital
鮨 魚鮮,枝国,digital
エディオン飯塚店,弁分,digital
ヘアーサロン モロオカ,平塚,digital
オンデーズ イオン穂波店,枝国,digital
シュープラザ飯塚店,弁分,digital
Ｙｕｍｍｙ Ｃａｋｅｓ,平塚,digital
温野菜 飯塚店,枝国,digital
フラワーショップはなびより,弁分,digital
あかね荘,山口,digital
キャスティング飯塚店,枝国,digital
ヒマラヤ飯塚店,弁分,digital
庄内地区,,digital
美・サロン きはら,枝国,digital
ピッツァリト,弁分,digital
Modernist Cuisine Restaurant Hidaka,赤坂,digital
レンタルフォトスタジオグレープ,枝国,digital
みんなでごはん 穂のさろん,弁分,digital
エースタクシー,有井,digital
サーティワンアイスクリームイオン穂波店,枝国,digital
ラバース,弁分,digital
三晶自動車,有井,digital
佐藤眼鏡店(メガネのサトー),枝国,digital
(有)エッカ,堀池,digital
フェイシャルサロン Sakura,有井,digital
セブンイレブン飯塚枝国店,枝国,digital
Ａープライス飯塚店,堀池,digital
大豆の花,有井,digital
焼鳥千成,枝国,digital
パッケージプラザエジマヤ,堀池,digital
ピザハット飯塚近大前店,有井,digital
tantan イオン穂波店,枝国,digital
オアシス珈琲,堀池,digital
BLACK STEELO,有井,digital
charmmie,枝国,digital
オートバックス飯塚,堀池,digital
タイ式マッサージむう庵,有井,digital
内藤園イオン穂波店,枝国,digital
Cafe CuLuRe(カフェ クルール),堀池,digital
スーパー川食庄内店,有安,digital
ひよ子本舗吉野堂 イオン穂波店,枝国,digital
CuLuRe(クルール),堀池,digital
金沢石油(株) セルフ飯塚東店,有安,digital
エトウ時計店 イオン穂波店,枝国,digital
ケイターズ（AUTO GARAGE KEITA'S）,堀池,digital
グッデイ庄内店,有安,digital
Flower&Green POPLAR,枝国,digital
なんばん往来本店,堀池,digital
Ｓｗｅｅｔ’ｓ ｏｆ ｈａｉｒ,有安,digital
マリリン イオン穂波店,枝国,digital
文具のたまおき本店,堀池,digital
スーパーセンタートライアル飯塚庄内店,有安,digital
モリタゴルフ桜ヶ丘店,枝国,digital
ダイレックス飯塚店,堀池,digital
くすりのハッピー庄内店,有安,digital
くすりのヤスタケ穂波店,枝国,digital
清水理容室 チャボ,堀池,digital
ハッピー薬局庄内店,有安,digital
ゼッテリアイオン穂波店,枝国,digital
めがねのツカハラ,堀池,digital
アラミアルーアン,綱分,digital
寿し徳,小正,digital
デラシネ(deracine),堀池,digital
庄四季物,綱分,digital
お好み焼きむらた,小正,digital
ドラッグストアコスモス堀池店,堀池,digital
セブンイレブン飯塚庄内店,綱分,digital
とり久,小正,digital
はないちもんめ,堀池,digital
お茶とお食事処森山,綱分,digital
ふくおか安心安全ショップ,小正,digital
食房KOSAI,南尾,digital
いいづかスポーツ・リゾート ザ・リトリート,仁保,digital
楳木石油,高田,digital
３びきのこぶた,南尾,digital
くらや,仁保,digital
癒心房,忠隈,digital
ピザハット飯塚楽市店,南尾,digital
ホットドッグ吉河,仁保,digital
江藤石油(株),忠隈,digital
居酒屋 文月,南尾,digital
はちみつショップ natural selection acatuki,山倉,digital
御菓子司亀屋延永,忠隈,digital
Basis health&beauty,椋本,digital
驫(さんま),忠隈,digital
ボーカル教室ユニゾン,安恒,digital
ヱビス味噌,口原,digital
パティスリーＳＯＮＯＫＩ,忠隈,digital
TAX飯塚,楽市,digital
金芳醤油醸造元,口原,digital
ドコモショップ穂波店,忠隈,digital
タイヤ館飯塚,楽市,digital
フローリストリスト 花仙,口原,digital
コメリパワー飯塚店,太郎丸,digital
ひよ子本舗吉野堂 飯塚工場売店,楽市,digital
居酒屋 純,口原,digital
ドラッグストアコスモス穂波店,太郎丸,digital
ビッグワン,楽市,digital
TRIDRUG GO目尾店,口原,digital
ステーキハウス 三田屋,太郎丸,digital
ENEOSサンフラワー楽市SS（山口石油）,楽市,digital
ドラッグ頴田薬局,口原,digital
筑豊葬祭セレモニーヴィラ穂波斎場,太郎丸,digital
イエローハット飯塚店,若菜,digital
マツグマ石油ガス,口原,digital
ニトリ飯塚店,太郎丸,digital
universal工房HRS,若菜,digital
増岡化粧品店,口原,digital
あったかパソコン教室飯塚校,椿,digital
炭火焼鳥えい吉,若菜,digital
たまごん工房,佐與,digital
ドラッグストアモリ 穂波店,椿,digital
シモカワ通信,若菜,digital
ホームプラザナフコ頴田店,佐與,digital
ホームプラザナフコ飯塚南店,椿,digital
炭火焼肉天神,若菜,digital
しらゆり会館小竹・頴田会場,勢田,digital
パソコンドック２４飯塚店,椿,digital
炒めラーメンYAMA,伊岐須,paper
串かつ 壱番串,柏の森,paper
オレンジタクシー(株),川津,paper
太陽キッチン・フーズ,菰田西,paper
ＴＥＴＥ,新飯塚,paper
酒肴むげん,中,paper
あげ家,相田,paper
ドラッグストアコスモス伊岐須店,伊岐須,paper
陸蒸氣,柏の森,paper
焼肉レストラン牛仙,川津,paper
だがし家 ちゃりんこ,菰田西,paper
東洋ドライ 新飯塚店,新飯塚,paper
モスバーガー飯塚幸袋店,中,paper
車力,相田,paper
セブンイレブン飯塚伊岐須店,伊岐須,paper
おの庄,柏の森,paper
グリーンベルトタクシー,川津,paper
筑豊葬祭飯塚本社斎場,菰田西,paper
ＢＡＲＢＥ,新飯塚,paper
もつ家,中,paper
でんきのパワフル相田店,相田,paper
カットハウスゼロ,伊岐須,paper
炭火焼肉嘉苑,柏の森,paper
げんき屋,川津,paper
筑豊葬祭セレモニーヴィラ飯塚,菰田西,paper
深見時計店,新飯塚,paper
ラフィネ サステナブルヘアー,中,paper
串亭なかむら,相田,paper
兵六玉,伊岐須,paper
かやの森カフェ,柏の森,paper
焼肉スタミナ・元,川津,paper
TeaWayゆめタウン飯塚店,菰田西,paper
ホワイトニングショップ飯塚店,新飯塚,paper
あかね工房,鯰田,paper
㈱ハクエイ,相田,paper
フジキアドワークス(株）,伊岐須,paper
炭火焼鳥かなまる,柏の森,paper
aruk cafe,川津,paper
てんぐ風呂住設,菰田西,paper
パーソナルトレーニングスタジオ ボディブレイス,新飯塚,paper
リラクゼーションサロン 足癒夢,鯰田,paper
湊屋（みなとや）,相田,paper
フジノ酒店,伊岐須,paper
きっずえんじぇる飯塚店,柏の森,paper
小林硝子店,川津,paper
居酒屋てん・てん・てん,菰田西,paper
ラーメンMAPPE,新飯塚,paper
ほとめき市場 一太郎,鯰田,paper
居酒屋 ん,相田,paper
ふたせ饅頭本舗,伊岐須,paper
GYOGYOSUKE second,柏の森,paper
サンドラッグ九工大前店,川津,paper
トップワンカフェ,菰田西,paper
旬楽みささ,新飯塚,paper
鰻一太郎,鯰田,paper
喜酒楽膳あぐら,飯塚,paper
吉岡スタジオ,伊岐須,paper
ワイン食堂GLUGLU,柏の森,paper
酒の昌屋,川津,paper
ニトリデコホーム ゆめタウン飯塚店,菰田西,paper
ご馳走家むつごろう,新飯塚,paper
回転寿司 一太郎,鯰田,paper
壱角屋,飯塚,paper
レインボーファクトリー飯塚店,伊岐須,paper
ケンタッキーフライドチキン飯塚かやの森店,柏の森,paper
パティスリースペリオール,川津,paper
能古うどん製造所 ゆめタウン飯塚店,菰田西,paper
時計宝石眼鏡ムカイダ,新飯塚,paper
うりゅう鍼灸院,鯰田,paper
WHISKY AJOTSSI,飯塚,paper
スーパーASO 潤野店,潤野,paper
カレーハウスCoCo壱番屋飯塚柏の森店,柏の森,paper
セブンイレブン飯塚川津店,川津,paper
パリミキ ゆめタウン飯塚店,菰田西,paper
炭火串焼弥一,新飯塚,paper
大庭電器,鯰田,paper
魚茂鮮魚店,飯塚,paper
きど葬祭やまさ飯塚斎場,潤野,paper
コーヒーミルククレイジー,柏の森,paper
焼肉ソウル,川津,paper
ひよ子本舗吉野堂 ゆめタウン飯塚店,菰田西,paper
炭火居酒屋やっぽい,新飯塚,paper
スーパー川食鯰田店,鯰田,paper
魚佐,飯塚,paper
牛角飯塚店,潤野,paper
ドラッグストアコスモス柏の森店,柏の森,paper
和食レストランニューいいづか・大助うどん,川津,paper
マックハウスゆめタウン飯塚店,菰田西,paper
手づくりケーキラ・パレット,新飯塚,paper
くまがい釣具,鯰田,paper
インテリアクラヤ,飯塚,paper
くすりのハッピー 潤野店,潤野,paper
ドラッグストアコスモス近大前店,柏の森,paper
東洋ドライ 川津店,川津,paper
マルイチ商会,菰田西,paper
赤崎牛ダイニング リヤン,新飯塚,paper
しらゆり会館飯塚・鯰田会場,鯰田,paper
倉掛米穀店,飯塚,paper
茶寮このみ,潤野,paper
サーティワンアイスクリーム飯塚かやの森店,柏の森,paper
東洋ドライ ハローデイ店,川津,paper
まるまんフィオーレ,菰田西,paper
のがみプレジデントホテル 中国料理のがみ大飯店,新立岩,paper
セブンイレブン飯塚鯰田上町店,鯰田,paper
餃子とサワー 月光,飯塚,paper
茶楽館この葉,潤野,paper
サウンドダイニング音色,柏の森,paper
チキン屋とりまる,川津,paper
宮脇書店 ゆめタウン飯塚店,菰田西,paper
のがみプレジデントホテル 和食処 日本海,新立岩,paper
システムハウジングタイセイ,鯰田,paper
肉の神戸屋,飯塚,paper
食事処 桜道場,潤野,paper
エステサロン シャルール,柏の森,paper
手打うどん・レンストランなごし,川津,paper
山下建材工業(株),菰田西,paper
のがみプレジデントホテル,新立岩,paper
ダイヤゴルフセンター,鯰田,paper
酒香彩菜さわらび,飯塚,paper
ブランジェリーシュシュ,潤野,paper
かやのもり音楽Cafｅ Ｓｉｎｏｓ,柏の森,paper
内藤園ハローデイ九工大前店,川津,paper
八女茶の西村園茶舗 ゆめタウン飯塚店,菰田西,paper
古谷金物店,新立岩,paper
肉のなかむら,鯰田,paper
食料品の進藤,飯塚,paper
萬亀,潤野,paper
志ののめ,柏の森,paper
くすりのハッピー川津店,川津,paper
ゆめタウン飯塚,菰田西,paper
アルソア Ｄｏ,立岩,paper
ATAGOふれあいマーケット,鯰田,paper
鮨安,飯塚,paper
めし屋ーHAKUー,潤野,paper
シャトレーゼ柏の森店,柏の森,paper
ハーデンベルギア,川津,paper
メガネのヨネザワ ゆめタウン飯塚店,菰田西,paper
飯塚ツバメプロパン㈱,立岩,paper
ヨガ、エステサロンs.f &c野上愛子,鯰田,paper
サロンドボーテ スミレ,飯塚,paper
メリーズラム,潤野,paper
セブンイレブン飯塚柏の森店,柏の森,paper
華さん食堂飯塚店,川津,paper
Life Clip(ライフクリップ),菰田西,paper
焼肉王城飯塚店,立岩,paper
ヘアーサロンムラカミ,鯰田,paper
セブンイレブン飯塚明治橋店,飯塚,paper
林檎の木,潤野,paper
居酒屋専科大樹,柏の森,paper
ハッピー薬局川津店,川津,paper
渡辺果実店,菰田西,paper
クイックショット,立岩,paper
いづみや,西徳前,paper
寿し割烹 たけ志,飯塚,paper
メガネのＷＡＤＡ,潤野,paper
小さなゆめ,柏の森,paper
(株)バイタルリソース応用研究所,川津,paper
やきとり 幸ちゃん,下三緒,paper
Café＆Restaurant Salute（サルーテ）,立岩,paper
珈琲焙煎工房 まめや福岡ユタカ,西徳前,paper
学生服のタナカ,飯塚,paper
飛鳥会館,片島,paper
鉄板焼 梛座,柏の森,paper
福寿し,川津,paper
コヤンサラム,下三緒,paper
寺子屋 ZEN,立岩,paper
庄屋飯塚店,西徳前,paper
高取金物店,飯塚,paper
㈱エコライフ福岡,片島,paper
Dr Hair Smiley,柏の森,paper
本格インド料理ルパ飯塚店,川津,paper
セブンイレブン飯塚下三緒店,下三緒,paper
ツルハドラッグ新飯塚店,立岩,paper
グーテンターク,西町,paper
田中糸店,飯塚,paper
玉翠堂,片島,paper
サイクルセンターはらぐち,柏の森,paper
セブンイレブン飯塚幸袋店,幸袋,paper
武田商店,下三緒,paper
ＢＡＲＢＥＲひかり,立岩,paper
ヘアーグラシューラフィネ 西町店,西町,paper
だがしのお店だがシステム,飯塚,paper
パドドゥ・ル・コトブキ,片島,paper
PATISSERIE Doux,柏の森,paper
千鳥屋本家 幸袋店,幸袋,paper
喫茶りーぶす,下三緒,paper
フードウェイ新飯塚店,立岩,paper
居酒屋 たーぶる,西町,paper
濃厚生乳ソフトクリーム専門店だがソフ,飯塚,paper
第一ボウル,片島,paper
うどんそば処百花亭,柏の森,paper
ちろりん村とくるみの木,幸袋,paper
ＲａｙーｇーＣａｓｔ（レイジーキャスト）,下三緒,paper
焼肉のMr.青木,鶴三緒,paper
ノエビア新飯塚販売会社,西町,paper
天喜,飯塚,paper
中央モータース,片島,paper
(株)本河住建,柏の森,paper
TRIAL GO飯塚幸袋店,幸袋,paper
秋元液化ガス,目尾,paper
M r.青木精肉店,鶴三緒,paper
花のフクナガ西町本店,西町,paper
友成時計店,飯塚,paper
ドコモショップ飯塚店,片島,paper
祭りばやし,柏の森,paper
ミュージアムショップ白蓮,幸袋,paper
(株)九酸ガス住設飯塚営業所,目尾,paper
飯塚瓦工業,鶴三緒,paper
ビアレストラン Ｂーｓｐｏｔ,西町,paper
ともや玩具店,飯塚,paper
Ｈｉｙｏｒｉ,片島,paper
ミシンのオズ西日本ミシン販売,柏の森,paper
雑貨牧場GAYU,菰田東,paper
炭火居酒屋喜楽,目尾,paper
かほ兵衛の台所,鶴三緒,paper
山野愛子どろんこ美容＆Relax Plus,西町,paper
和風ダイニングとし,飯塚,paper
三星石油,片島,paper
無印良品かやの森,柏の森,paper
肉のつちだ,菰田東,paper
パーマハウスＢｅｅ ＳＨＯＷＥＲ,目尾,paper
焼肉のすから,鶴三緒,paper
コトツキ、,花瀬,paper
中田友文堂,飯塚,paper
室井酒店,片島,paper
ｙｏｕｒ メルシー,柏の森,paper
アエナゆめタウン飯塚店,菰田西,paper
ラーメン食堂まねしん坊,目尾,paper
セブンイレブン飯塚鶴三緒店,鶴三緒,paper
ジャーマンベーカリー飯塚花瀬店,花瀬,paper
ジーンズショップナカムラ,飯塚,paper
リンガーハット飯塚水江店,片島,paper
レストラン明治屋,柏の森,paper
靴の赤靴堂,菰田西,paper
セブンイレブン飯塚庄司店,庄司,paper
寿司海鮮和食処 やますい,鶴三緒,paper
セブンイレブン飯塚花瀬店,花瀬,paper
にくたま工房Loin,飯塚,paper
手造りバーガーショップ レイダック,片島,paper
モスバーガー飯塚かやの森店,柏の森,paper
スーパーＡＳＯ昭和通店,菰田西,paper
アンジョルノカフェ,新飯塚,paper
スーパーセンタートライアル飯塚店,徳前,paper
世界のハンバーグ ポパイ,花瀬,paper
花のフジモト,飯塚,paper
ロイヤルホスト飯塚店,片島,paper
もつ鍋 やじろべえ飯塚店,柏の森,paper
AVENUE,菰田西,paper
一膳,新飯塚,paper
渡邊硝子建材,徳前,paper
ゆめマート花瀬,花瀬,paper
スナック・パンダ,飯塚,paper
アントス（株）,上三緒,paper
酒菜よし葉,柏の森,paper
いいづかもけい,菰田西,paper
井上洋服店,新飯塚,paper
アルゾ飯塚幸袋店,中,paper
めん処大助 花瀬店,花瀬,paper
パブ珈琲園,飯塚,paper
佐藤商店,上三緒,paper
カラオケ＆カフェ ＲＥＶＯ,柏の森,paper
石井商会,菰田西,paper
揚げ処えびるす,新飯塚,paper
アロマ クローバー,中,paper
居酒屋味坊,東徳前,paper
フジイ進物店,飯塚,paper
しらゆり会館飯塚・上三緒会場,上三緒,paper
ワイズキッチン,柏の森,paper
井筒屋飯塚ショップ,菰田西,paper
久里屋,新飯塚,paper
内山刃物,中,paper
居酒屋二代目きんぐ,東徳前,paper
Cut in Murashi,飯塚,paper
スーパーセンタートライアル上三緒店,上三緒,paper
タイヤガーデンBーWAVE,川島,paper
江藤時計店本店,菰田西,paper
けいこ美容室,新飯塚,paper
Cafe Rocco,中,paper
煮込み食堂 煮こ屋,東徳前,paper
元野木書店,飯塚,paper
ふらんす料理 平野,上三緒,paper
グッデイ飯塚店,川島,paper
リフォームおはりばこ,菰田西,paper
五龍酒店,新飯塚,paper
カラオケリズミカル サンタス飯塚店,中,paper
松本刃物店,東徳前,paper
たい焼山口屋,飯塚,paper
パンとお菓子の店Fille de ble’,上三緒,paper
中嶋プロパン瓦斯,川島,paper
KAIKA ゆめタウン飯塚店,菰田西,paper
居酒屋佐助,新飯塚,paper
Ｃ．Ｃ．ＳＥＴＯ,中,paper
レディバード,東徳前,paper
矢野鮮魚店,飯塚,paper
ミスタータイヤマンパドック飯塚,上三緒,paper
arukーある暮らしー,川津,paper
からあげ大将飯塚本店,菰田西,paper
佐藤コンタクトレンズセンター,新飯塚,paper
ステーキビストロWaltz,中,paper
アベタ・ソレイユ/ヴァーグ,本町,paper
ユゲデンキ,飯塚,paper
もりまさ薬局,上三緒,paper
アールテックシステム株式会社,川津,paper
ニュウファッション神戸,菰田西,paper
おでん炭火焼眞次郎,新飯塚,paper
ツルハドラッグ 中店,中,paper
炭火焼鳥あらた,本町,paper
リコグリル,飯塚,paper
居酒屋落花生,上三緒,paper
アンコルド パン,川津,paper
合屋電器店,菰田西,paper
シャンソン化粧品ＣＥサロン ’elua,新飯塚,paper
にこにこ亭,中,paper
いいづか補聴器,本町,paper
若鳥,飯塚,paper
おしゃれハウスアモ,柏の森,paper
アキモト酸素,川津,paper
サーティワンアイスクリーム ゆめタウン飯塚店,菰田西,paper
ジンギスバル滝川本店,新飯塚,paper
ふくまＤＥＮＫＩ,中,paper
ヴィタリコ飯塚店,本町,paper
にじいろ整体セラピー,飯塚,paper
くいもん家あじと,柏の森,paper
メガネのアイ・ルック,川津,paper
庄屋ゆめタウン飯塚店,菰田西,paper
スイフンガ,新飯塚,paper
ふらってぃーのドッグカフェ,中,paper
エム・ドリーム,本町,paper
倉重酒店ー酒を愉しみ食を喜ぶー,伊川,paper
麻生塾ボウル,柏の森,paper
パティスリー エスポワール,川津,paper
手づくりパン工房スピカ,菰田西,paper
セブンスポーツ,新飯塚,paper
フロム,中,paper
おふくろ,本町,paper
木原コンタクト,伊岐須,paper
一八飯店,柏の森,paper
オーラッキーズクラブ,川津,paper
Zoff Marche ゆめタウン飯塚,菰田西,paper
DartsBar333,新飯塚,paper
丸島園,中,paper
熾火ト酒,本町,paper
カーネル食堂,本町,paper
ＰＯＬＡアメリーズ店,横田,paper
ビップエコー飯塚店,秋松,paper
癒心房,忠隈,paper
グルメ寿司貫べえ飯塚店,堀池,paper
江藤電器,長尾,paper
たまごん工房,佐與,paper
寿屋化粧品店,本町,paper
ミスターマックス飯塚花瀬店,横田,paper
tete秋松店,秋松,paper
江藤石油(株),忠隈,paper
Cafe CuLuRe(カフェ クルール),堀池,paper
セブンイレブン筑穂中学校前店,長尾,paper
ホームプラザナフコ頴田店,佐與,paper
佐藤眼鏡店(メガネのサトー),本町,paper
みそらぼ,横田,paper
セゾンドぶらんこ,秋松,paper
福祉用具おおつか 飯塚営業所,忠隈,paper
CuLuRe(クルール),堀池,paper
サイクルセンターはやしだ,長尾,paper
ラーメンふじ庵,佐與,paper
しまづ者,本町,paper
（有）建築工房やました屋,横田,paper
本場インド料理ルパ穂波店,秋松,paper
御菓子司亀屋延永,忠隈,paper
ケイターズ（AUTO GARAGE KEITA'S）,堀池,paper
スーパー川食筑穂店,平塚,paper
しらゆり会館小竹・頴田会場,勢田,paper
ＲＲＲエンターテイメント,本町,paper
龍王ガス,横田,paper
ドラッグストアモリ飯塚秋松店,秋松,paper
驫(さんま),忠隈,paper
なんばん往来本店,堀池,paper
木下石油,平塚,paper
松隈食料品店,勢田,paper
炭バル ダブル,本町,paper
あぐらの離れ,芳雄町,paper
ヤマダデンキ テックランド飯塚店,秋松,paper
パティスリーＳＯＮＯＫＩ,忠隈,paper
文具のたまおき本店,堀池,paper
ドラッグストアコスモス筑穂店,平塚,paper
セブンイレブン飯塚本町店,本町,paper
スーパーマーケットASO新飯塚店,芳雄町,paper
ユニクロ飯塚店,秋松,paper
焚炎 竹や,忠隈,paper
ダイレックス飯塚店,堀池,paper
ヘアーサロン モロオカ,平塚,paper
E-REVO卓球BASE,本町,paper
上島珈琲店飯塚病院店,芳雄町,paper
ガスのアイプロ,枝国,paper
ドコモショップ穂波店,忠隈,paper
清水理容室 チャボ,堀池,paper
Ｙｕｍｍｙ Ｃａｋｅｓ,平塚,paper
タイラ時計店,本町,paper
サンエトワール新飯塚店,芳雄町,paper
イオン穂波ショッピングセンター,枝国,paper
とんかつ専門店うめーや,太郎丸,paper
めがねのツカハラ,堀池,paper
あかね荘,山口,paper
竹川鮮魚,本町,paper
花和,芳雄町,paper
イオン穂波店ショッピングセンター同友店会,枝国,paper
ドラッグストアコスモス穂波店,太郎丸,paper
デラシネ(deracine),堀池,paper
庄内地区,,paper
たまや毛糸店,本町,paper
パンセ アミエ店,芳雄町,paper
ウエスト飯塚店うどんコーナー,枝国,paper
ステーキハウス 三田屋,太郎丸,paper
ドラッグストアコスモス堀池店,堀池,paper
庄内タクシー,赤坂,paper
たこ吉,本町,paper
ローソン飯塚病院店,芳雄町,paper
ウエスト飯塚店焼肉コーナー,枝国,paper
筑豊葬祭セレモニーヴィラ穂波斎場,太郎丸,paper
はないちもんめ,堀池,paper
Modernist Cuisine Restaurant Hidaka,赤坂,paper
千鳥屋本家 飯塚本店,本町,paper
R－GARDEN+,吉原町,paper
鮨 魚鮮,枝国,paper
ニトリ飯塚店,太郎丸,paper
入江電器,南尾,paper
山本酒店,赤坂,paper
街家ｃａｆｅつむぎ,本町,paper
あんど,吉原町,paper
エクセルブランチ,枝国,paper
あったかパソコン教室飯塚校,椿,paper
食房KOSAI,南尾,paper
エースタクシー,有井,paper
とりさし梅松 福岡飯塚店,本町,paper
（一社）飯塚観光協会,吉原町,paper
オンデーズ イオン穂波店,枝国,paper
ドラッグストアモリ 穂波店,椿,paper
３びきのこぶた,南尾,paper
大塚白蟻工務店,有井,paper
カラオケともやん,本町,paper
いけす鯛吉,吉原町,paper
緒方たたみ店,枝国,paper
ホームプラザナフコ飯塚南店,椿,paper
ピザハット飯塚楽市店,南尾,paper
三晶自動車,有井,paper
公設市場 野中鮮魚店,本町,paper
大賀薬局飯塚あいタウン店,吉原町,paper
温野菜 飯塚店,枝国,paper
パソコンドック２４飯塚店,椿,paper
居酒屋 文月,南尾,paper
ファッションセンターしまむら飯塚店,有井,paper
はとや ルナ店,本町,paper
うなぎの大浦屋,吉原町,paper
介護ショップクロッカス,枝国,paper
宝靖自動車,椿,paper
もり田のからあげ 穂波店,南尾,paper
フェイシャルサロン Sakura,有井,paper
ひいらぎ,本町,paper
カレーショップ華月,吉原町,paper
キャスティング飯塚店,枝国,paper
ＭＥＧＡドン・キホーテ飯塚店,椿,paper
Basis health&beauty,椋本,paper
ピザハット飯塚近大前店,有井,paper
ひよ子本舗吉野堂 飯塚本店,本町,paper
かめ屋質店,吉原町,paper
美・サロン きはら,枝国,paper
モスバーガー福岡穂波店,椿,paper
ボーカル教室ユニゾン,安恒,paper
BLACK STEELO,有井,paper
ビューティ アイランド,本町,paper
喫茶グラスムーン,吉原町,paper
レンタルフォトスタジオグレープ,枝国,paper
くにまる酒店,津原,paper
鮨 魚城,楽市,paper
タイ式マッサージむう庵,有井,paper
タビーガレージ,本町,paper
サラン,吉原町,paper
エステサロンKENKEN,枝国,paper
安部写真館,天道,paper
韓国風居酒屋 オンマ,楽市,paper
スーパー川食庄内店,有安,paper
とんかつ専門店ふくや,本町,paper
やきとりの炭活,吉原町,paper
サーティワンアイスクリームイオン穂波店,枝国,paper
井上呉服店,天道,paper
ストロベリーファーム,楽市,paper
金沢石油(株) セルフ飯塚東店,有安,paper
ブルーミン,本町,paper
ファミリーショップそうあい,吉原町,paper
桜ヶ丘ゴルフセンター,枝国,paper
久保勝治商店,天道,paper
TAX飯塚,楽市,paper
グッデイ庄内店,有安,paper
アートギャラリー紅椿,本町,paper
鳥一,吉原町,paper
佐藤眼鏡店(メガネのサトー),枝国,paper
篠崎商会,天道,paper
タイヤ館飯塚,楽市,paper
Ｓｗｅｅｔ’ｓ ｏｆ ｈａｉｒ,有安,paper
帽子のほりかわ,本町,paper
内藤園あいタウン店,吉原町,paper
セブンイレブン飯塚枝国店,枝国,paper
天道ホルモン,天道,paper
筑豊ラーメン山小屋穂波店,楽市,paper
スーパーセンタートライアル飯塚庄内店,有安,paper
丸山生花店,本町,paper
学生服のひめじ屋,吉原町,paper
焼鳥千成,枝国,paper
パーマネントクラブ,天道,paper
ひよ子本舗吉野堂 飯塚工場売店,楽市,paper
くすりのハッピー庄内店,有安,paper
みどりや,本町,paper
Ｐｓ 美容室,吉原町,paper
麺屋．千寿 本店,枝国,paper
Ａゴルフセンター,平恒,paper
ビッグワン,楽市,paper
ハッピー薬局庄内店,有安,paper
有限会社みよし,本町,paper
味の明太子ふくや飯塚店,吉原町,paper
tantan イオン穂波店,枝国,paper
さかえ屋 平恒おやつshop,平恒,paper
ENEOSサンフラワー楽市SS（山口石油）,楽市,paper
アラミアルーアン,綱分,paper
味覚焼,本町,paper
音楽BAR BREAK TIME,吉原町,paper
charmmie,枝国,paper
洋服の青山飯塚穂波店,弁分,paper
楽市焼肉ホルモンセンター,楽市,paper
焼肉開山庄内店,綱分,paper
京風串揚げ 宗,本町,paper
丸和カーテン,吉原町,paper
内藤園イオン穂波店,枝国,paper
エディオン飯塚店,弁分,paper
ルミエール穂波店,楽市,paper
庄四季物,綱分,paper
わた惣,本町,paper
や台ずし飯塚バスターミナル本町,吉原町,paper
ひよ子本舗吉野堂 イオン穂波店,枝国,paper
ファッションセンターしまむら穂波店,弁分,paper
イエローハット飯塚店,若菜,paper
ＪＡふくおか嘉穂庄内給油所,綱分,paper
日新理容室,本町,paper
ゆめマート飯塚,吉原町,paper
エトウ時計店 イオン穂波店,枝国,paper
シュープラザ飯塚店,弁分,paper
universal工房HRS,若菜,paper
セブンイレブン飯塚庄内店,綱分,paper
アーユルヴェーダサロンエルフローラ,宮町,paper
認定補聴器専門店 リオネットセンター飯塚,吉原町,paper
Flower&Green POPLAR,枝国,paper
シャトレーゼ飯塚弁分店,弁分,paper
炭火焼鳥えい吉,若菜,paper
お茶とお食事処森山,綱分,paper
あさひ補聴器,宮町,paper
龍王塾,吉原町,paper
マリリン イオン穂波店,枝国,paper
フラワーショップはなびより,弁分,paper
カレーハウスＣＯＣＯ壱番屋飯塚若菜店,若菜,paper
いいづかスポーツ・リゾート ザ・リトリート,仁保,paper
朝倉屋酒店,宮町,paper
Ｒｕｄｉｅｓ ｃａｆｅ（ルーディーズ カフェ）,吉原町,paper
モリタゴルフ桜ヶ丘店,枝国,paper
ヒマラヤ飯塚店,弁分,paper
シモカワ通信,若菜,paper
くらや,仁保,paper
ジュエリーシモカワ,宮町,paper
炉ばた髙,吉原町,paper
くすりのヤスタケ穂波店,枝国,paper
ピッツァリト,弁分,paper
炭火焼肉天神,若菜,paper
ホットドッグ吉河,仁保,paper
旬彩ダイニング 樹限無,宮町,paper
居酒屋和光,吉原町,paper
ゼッテリアイオン穂波店,枝国,paper
みんなでごはん 穂のさろん,弁分,paper
はちみつショップ natural selection acatuki,山倉,paper
セントラル美容室,宮町,paper
株式会社日栄,蓮台寺,paper
BookOFF飯塚店,小正,paper
味楽門ＢＯＮ,弁分,paper
太田自動車鈑金㈱,阿恵,paper
きものたかた,宮町,paper
ＪＡふくおか嘉穂本所グリーンセンター,小正,paper
ラバース,弁分,paper
庄助うどん,阿恵,paper
ヱビス味噌,口原,paper
陶房 八木山 青空間,八木山,paper
AOKI飯塚店,秋松,paper
寿し徳,小正,paper
アベイル堀池店,堀池,paper
なか六新鮮屋,阿恵,paper
金芳醤油醸造元,口原,paper
農楽園八木山,八木山,paper
大川家具アウトレットオックス,秋松,paper
セブンイレブン飯塚小正店,小正,paper
上田種苗園,堀池,paper
よしの米穀合同会社,北古賀,paper
フローリストリスト 花仙,口原,paper
車屋19,横田,paper
ケーズデンキ飯塚店,秋松,paper
お好み焼きむらた,小正,paper
(有)エッカ,堀池,paper
アイアイだいぶ,大分,paper
ＣＯＲＯＮ,口原,paper
コメダ珈琲店飯塚川津店,横田,paper
ケンタッキーフライドチキン飯塚秋松店,秋松,paper
とり久,小正,paper
Ａープライス飯塚店,堀池,paper
うぐいす台電器,大分,paper
居酒屋 純,口原,paper
ドラッグストアコスモス花瀬店,横田,paper
炭焼酒処幸炭,秋松,paper
唐揚げ専門店とりいち,小正,paper
パッケージプラザエジマヤ,堀池,paper
セブンイレブン飯塚大分店,大分,paper
TRIDRUG GO目尾店,口原,paper
第一タイヤサービス,横田,paper
サンドラッグ穂波店,秋松,paper
ふくおか安心安全ショップ,小正,paper
オアシス珈琲,堀池,paper
有限会社 筑穂プロパン,大分,paper
ドラッグ頴田薬局,口原,paper
ノエビア福岡南販売,横田,paper
ジャンボパンチ希林,秋松,paper
やま志,小正,paper
オートバックス飯塚,堀池,paper
ツアサデンキ,大分,paper
マツグマ石油ガス,口原,paper
パンセ 横田店,横田,paper
花のフクナガ穂波店(ハローデイ穂波店内),秋松,paper
楳木石油,高田,paper
かにすけ,堀池,paper
日本習字筑穂教室,筑穂元吉,paper
増岡化粧品店,口原,paper
藤﨑建築,横田,paper
バースデイ 飯塚店,秋松,paper
うどんそば処あぐんちゃ,忠隈,paper
焼肉開山堀池店,堀池,paper
伊佐文具店,長尾,paper
もり田のからあげ,口原,paper
